pep,beta,label
VMAPRTLIL,ASSQDRDTQY,1
FLTGIGIITV,AWSETGLGTGELF,1
WLLPTWGV,AWSETGLGTGELF,1
HSKKKCDEL,ASSLRGRGDQPQH,1
VMAPRTLIL,ASSANPGDSSNEKLF,1
SLYNTIATL,ASSDTVSYEQY,1
SMLGIGIVPV,ASSLSFGTEAF,1
LRVMMLAPF,ASSVGLFSTDTQY,1
LRVMMLAPF,ASSVATYSTDTQY,1
SLSKILDTV,ASSPLDVSISSYNEQF,1
LRVMMLAPF,ASSVGTYSTDTQY,1
FLVWDHNPIG,ASSYSGPNYEQY,1
FRLIARLL,ASISGFMGLMNTEAF,1
FVGPLDEDF,ATYSSGANVLT,1
ITADVNYNL,ASNPGGRGEKLF,1
VSFGLQFQF,ASSYGGPEQF,1
YLHAYAKAL,ASSLTGSFNEQF,1
IYLDLPWYL,ASSLGAINQPQH,1
IYLDLPWYL,ASSLGRGGNQPQH,1
IYLDLPWYL,ASSLGRYNEQF,1
MYIEMLKSI,SARDITGEVDIQY,1
KRWIILGLNK,CASREGLGGTEAFF,1
IPSINVHHY,CASSLEGGYYNEQFF,1
VPLTEDAEL,CASRTRGGTLIEQYF,1
TPQDLNTML,CASSLGIDAIYF,1
RMYSPVSI,CASSLGREYGYTF,1
IPSINVHHY,CASSADSNGELFF,1
KIYSKHTPI,CASSFPGYGYTF,1
AVGSYVYSV,CASSGELRGAEKLFF,1
AVGSYVYSV,CASSVEGVADEQYF,1
RAQAPPPSW,CASSFPGQGNTQYF,1
RAQAPPPSW,CASSSSLVVEQYF,1
RAQAPPPSW,CASSHSGGSGGQPQHF,1
RAQAPPPSW,CAISVSVVRDSEAFF,1
IPSINVHHY,CASSPGTAPNEKLFF,1
KLYGLDWAEL,CASRPSRGTNYGYTF,1
KLYGLDWAEL,CASSERGMVEAFF,1
KLYGLDWAEL,CASSPRNLGPSGSYEQYF,1
CYTWNQMNL,CASSLESGFLSGYTF,1
RIAAWMATY,CASSPGGGASYEQYF,1
MLDLQPETT,CASSNKVADTQYF,1
MLDLQPETT,CASSTPRGGYTF,1
IPSINVHHY,CSVVTFYYEQYF,1
CYTWNQMNL,CASRFRTLQETQYF,1
MLDLQPETT,CASSYGTSGYNEQFF,1
CYTWNQMNL,CASSQRGGVYNSPLHF,1
MLDLQPETT,CAISGAGLRYNSPLHF,1
MLDLQPETT,CASSLLAHTGELFF,1
CYTWNQMNL,CASSFGTGAGGELFF,1
CYTWNQMNL,CASSYLLTGTSRQETQYF,1
MLDLQPETT,CASSPGVRANVLTF,1
IPSINVHHY,CSVESGRTDEQYF,1
MLDLQPETT,CASSRRGRITDTQYF,1
CYTWNQMNL,CASSLLAGQETQYF,1
MLDLQPETT,CASSPRDRTGGYTF,1
MLDLQPETT,CASSPTGGRYGYTF,1
CYTWNQMNL,CASSQGTGQGETQYF,1
MLDLQPETT,CASGARPQETQYF,1
CYTWNQMNL,CAIRDVSSTDTQYF,1
CYTWNQMNL,CASSQDGGDETPNTEAFF,1
CYTWNQMNL,CASSRRWGQGTWRGYEQYF,1
CYTWNQMNL,CASSLSVIAGGRETQYF,1
IPSINVHHY,CASSLANTGELFF,1
MLDLQPETT,CASSTTGGSGYTF,1
MLDLQPETT,CASSSPRGLEYF,1
IPSINVHHY,CSVEGSEDYGYTF,1
MLDLQPETT,CASSLSVRGSTEAFF,1
CYTWNQMNL,CASSHWHGTVLNQPQHF,1
IPSINVHHY,CSVEWLNNEQFF,1
CYTWNQMNL,CASSSDTGELFF,1
IPSINVHHY,CASSLELGLAEAFF,1
CYTWNQMNL,CASRPGTGGNTEAFF,1
KLQCVDLHV,CASSFRGPNLYTEAFF,1
AEVQIDRLI,CASSEALSGGSETQYF,1
AEVQIDRLI,CASSSGTGAPEQYF,1
AEVQIDRLI,CASSTGNQPQHF,1
AEVQIDRLI,CASSLWGFGEETQYF,1
AEVQIDRLI,CASSVGRYTGELFF,1
AEVQIDRLI,CASSRVWDTEAFF,1
NMMWFQGQL,CASSRDTVNTEAFF,1
NMMWFQGQL,CASSRDFVSNEQYF,1
EMMLFDWKV,CASSPSGLAGSNLGNEQFF,1
LAMPFATPM,CASSLPLGYEQYF,1
RVRFFFPSL,CASSLASGSNQPQHF,1
FQDYIKSYL,CASSHHSGGIYNEQFF,1
HQNPVTGLLL,CASSPGREQYF,1
RVSTLRVSL,CASSLSWGSSYNEQFF,1
SYMIMEIE,CASRDHRVIYGYTF,1
MPYGYVLNEF,CASRPWTGANEKLFF,1
MTLHGHMMY,CASSLILDSPLHF,1
MTLHGHMMY,CASSVTFRTGPMYGYTF,1
MTLHGHMMY,CASSLDLDSDGYTF,1
MTLHGHMMY,CASSESENSYGYTF,1
MTLHGHMMY,CASSPPGSKAYGYTF,1
MTLHGHMMY,CASGTAGGPSTDTQYF,1
MTLHGHMMY,CASSLTGGGNYGYTF,1
MTLHGHMMY,CASSFLADGELFF,1
MTLHGHMMY,CASSLSWGETQYF,1
MTLHGHMMY,CASSYHGQGAVDTQYF,1
MTLHGHMMY,CASSEGDRETGELFF,1
MTLHGHMMY,CASSEGYWGTGRDTQYF,1
MTLHGHMMY,CASSLTGRETQYF,1
QIKVRVDMV,CASSRLAGASTDTQYF,1
QIKVRVDMV,CASSRLSSNTDTQYF,1
QIKVRVDMV,CASSRLAGNTDTQYF,1
QIKVRVDMV,CASSRLAGGTDTQYF,1
QIKVRVDMV,CASSRLAASTDTQYF,1
QIKVRVDMV,CASSLRVNTEAFF,1
QIKVRVDMV,CASSRLAANTDTQYF,1
RYSIFFDYM,CASSSYRKEKLFF,1
RYSIFFDYM,CASGNRLMEEGQFF,1
RYSIFFDYM,CASSRTGFSEQYF,1
RYSIFFDYM,CASSPRGTVLEKLFF,1
RYSIFFDYM,CAWDPLGQNTEAFF,1
RYSIFFDYM,CASRKRMYNEQFF,1
RYSIFFDYM,CASTQGIGGYTF,1
ILGFVFTLT,CASSSQSTGTAGVYEQYF,1
ILGFVFTLT,CASSSGLAGHSSYNEQFF,1
ILGFVFTLT,CASSQDVGQLYGYTF,1
ILGFVFTLT,CASEQPRTGGDAYNEQFF,1
ILGFVFTLT,CAWSVERVGQAYGYTF,1
RLNQLESKV,CASVYLAGTMDTQYF,1
RLNQLESKV,CSASGRESDTQYF,1
LLLDRLNQL,CASSDRDSVNYGYTF,1
LLLDRLNQL,CASSESNYGYTF,1
LLLDRLNQL,CASSLDRESMNTEAFF,1
LLLDRLNQL,CASSQDRDNLNTEAFF,1
LDRLNQLES,CASSIGTGRTHNEQFF,1
SVLYYQNNV,CASSLGFNEQYF,1
ILFTRFFYV,CSVEDPDRDGYTF,1
RIMASLVLA,CASSSGRAGITDTQYF,1
YVWKSYVHV,CASSVSGPPTGELFF,1
KSVDITFEL,CASSGTGVTGELFF,1
YVWKSYVHV,CASSLQGVQNEQFF,1
KLMPVCVET,CASSEVRGPSYNEQFF,1
LLTNMFTPL,CASSLLPGNTGELFF,1
KSVDITFEL,CASSFLPREEMNTEAFF,1
VLLSVLQQL,CASSLYSGSFYEQYF,1
YVDDSSLTI,CSVDQGSGELFF,1
YVDDSSLTI,CASSLTHSSYNEQFF,1
IVDTVSALV,CASRDTSGGPDTQYF,1
QPGQTFSVL,CASSPRPGPNQPQHF,1
LTNDNTSRY,CASSVVSGGHQPQHF,1
YTERSEKSY,CASSQDPETGRTDTQYF,1
LTNDNTSRY,CASKGLANNEQFF,1
LMNVLTLVY,CASITRLAGELFF,1
LSDLQDLKW,CASSLVNTGELFF,1
FLTENLLLY,CASSTMGQGISPLHF,1
SVLYYQNNV,CASSPSISGTGRQNTEAFF,1
YLEGSVRVV,CASARGWGPAGGELFF,1
SMQNCVLKL,CASSLTQGARNTIYF,1
FMSEAKCWT,CASSLGRGAYEQYF,1
FVDGVPFVV,CASSLGEDSSLKREPLHF,1
GLALYYPSA,CASSEQGVVDTQYF,1
TLGVLVPHV,CASSPPADEALYGYTF,1
YVWKSYVHV,CASTPTGGDEKLFF,1
SVLYYQNNV,CASSFWDWDEAFF,1
YVWKSYVHV,CASSLREGLGEQYF,1
GLALYYPSA,CASSLLPYNEQFF,1
SMQNCVLKL,CASSPPDRLYEQFF,1
GIIAMSAFA,CATSELSGETQYF,1
GLALYYPSA,CASPRSTGELFF,1
SVLYYQNNV,CASSYESTDTQYF,1
ILFTRFFYV,CASSQEDPAGDSYNEQFF,1
TYHWLLLTI,CASSFWGLAGGYNEQFF,1
TYHWLLLTI,CASSPAPNTEAFF,1
RTAPHGHVV,CASSRDRGLGYTF,1
QPGQTFSVL,CASSSKGGGQQTQYF,1
ILRKGGRTI,CAVPGGSPYEQYF,1
KPYIKWDLL,CATSEVGSETQYF,1
YPLECIKDL,CASSLLAGGKETQYF,1
ILRKGGRTI,CASSLEAGGTEAFF,1
STDVTIATY,CSARTSAGVYEQFF,1
FLTENLLLY,CASSITESGKGNTIYF,1
LMNVLTLVY,CASSYRQGATEAFF,1
ILLLDQALV,CASLTRFGLYSNQPQHF,1
KLNIKLLGV,CSASGTGSYEQYF,1
GIIAMSAFA,CASSLNPTSAHYEQYF,1
ITFDNLKTL,CSASGTLDTEAFF,1
FVNEFYAYL,CSARDFTYEQYF,1
SVLYYQNNV,CSVETESYEQYF,1
SMQNCVLKL,CSVEDLGPGANYGYTF,1
ITFDNLKTL,CASSLAPSPDTQYF,1
YLEGSVRVV,CASSSRFWKINYGYTF,1
YVWKSYVHV,CASSLSPANYNEQFF,1
RIMASLVLA,CASSQGSGWETQYF,1
QPGQTFSVL,CASSSRPGPNNEQFF,1
TYHWLLLTI,CAISPTSGSIGYEQYF,1
SVLYYQNNV,CASSLVAGALLDTQYF,1
SMQNCVLKL,CASSLDRDYNQPQHF,1
FVNEFYAYL,CASSSESTDTQYF,1
ILFTRFFYV,CATNPAGGPYNEQFF,1
LQLGFSTGV,CASSGDPKAYEQYF,1
KLNIKLLGV,CASSPYWTGGDEKLFF,1
GIIAMSAFA,CSARSPWLMENSPLHF,1
KPYIKWDLL,CATSPSTGELFF,1
LMNVLTLVY,CSAFYPGAGEAFF,1
LTNDNTSRY,CSARVGEGNQPQHF,1
STDVTIATY,CAIGTGLSYEQYF,1
FLTENLLLY,CASSPPGGSLDTEAFF,1
LMNVLTLVY,CASSLGERSEQYF,1
KLNIKLLGV,CSASPEWPENTEAFF,1
YVWKSYVHV,CASSPPLRGEAEAFF,1
YLYALVYFL,CASSFGGVEGMNTEAFF,1
YLYALVYFL,CASSGTSGETQYF,1
YLYALVYFL,CASSFYGRGGKGNQETQYF,1
YLYALVYFL,CSAYKLAGEEYGTGELFF,1
HLLLVAAGL,CASSSLLQGVDYGYTF,1
HLLLVAAGL,CASSEDTAGNTIYF,1
WLIVGVALL,CSARTATGGQSGYTF,1
YLYALVYFL,CSAPGTGYNEQFF,1
YLYALVYFL,CASTRHDRNYGYTF,1
YLYALVYFL,CASSQLAGGLRSTDTQYF,1
YIDIGDYTV,CSARAGSTYEQYF,1
YIDIGDYTV,CASSESPMGTGEETQYF,1
KVYPIILRL,CASSPRGSYWDEQYF,1
KVYPIILRL,CASSYAIAGNLDEQFF,1
KVYPIILRL,CASSQRTPSTGELFF,1
KVYPIILRL,CASSLPNEQFF,1
KVYPIILRL,CASSPGRTANYGYTF,1
KVYPIILRL,CASSIGNVEAFF,1
KVYPIILRL,CSARPPAENSPLHF,1
TTEELPDEF,CASRHSQGAPSWYQETQYF,1
KVYPIILRL,CASSVSGGRTGELFF,1
KVYPIILRL,CASSQIKTGLNTEAFF,1
TLIVNSVLL,CASSYSRGISPYGYTF,1
TLIVNSVLL,CASSWGTAYNSPLHF,1
TLIVNSVLL,CASSARANTEAFF,1
WPVTLACFV,CASSFDHRGRDEQFF,1
YANRNRFLY,CASSWTGMNTEAFF,1
SSDNIALLV,CASSDGGSSGNTIYF,1
YANRNRFLY,CASSLGLAGAGELFF,1
WPVTLACFV,CASGLGTRQFTEAFF,1
WPVTLACFV,CASSGRDYTYEQYF,1
WPVTLACFV,CASSLTAAYEQYF,1
WPVTLACFV,CASSPRGSAEAFF,1
WPVTLACFV,CSARDRGRIGNQPQHF,1
WPVTLACFV,CATQHRDIVGEPQHF,1
WPVTLACFV,CASSDPGYYNEQFF,1
WPVTLACFV,CASSYPGGSENEQYF,1
WPVTLACFV,CASSKWGTTGELFF,1
WPVTLACFV,CASSLVIGSYTEAFF,1
WPVTLACFV,CASSTGQGYTDTQYF,1
WPVTLACFV,CASSQEITGELFF,1
WPVTLACFV,CASSSQDGSYEQYF,1
SMWSFNPET,CASSPSSGESTDTQYF,1
YANRNRFLY,CASSPLRENTEAFF,1
LVGLMWLSY,CSAIPLGEPYEQYF,1
SVTTEILPV,CATSDVAGGGGEQFF,1
IMLCCMTSC,CASSMGPTGYGYTF,1
IMLCCMTSC,CASRKAPGQGGEQPQHF,1
RLNEVAKNL,CASSLDGATNEKLFF,1
IMLCCMTSC,CASSQEEPGTTYGYTF,1
VYAWNRKRI,CATSDDSEKLFF,1
IMLCCMTSC,CASSLDPGVASYNSPLHF,1
SLSSTASAL,CASSLLRVSGANVLTF,1
VFLVLLPLV,CASSEDNRGRYEQYF,1
VFLVLLPLV,CSDPVPGRFLVEQYF,1
VFLVLLPLV,CASSVDGGRNNEQFF,1
VFLVLLPLV,CASSLLGSYNEQFF,1
VFLVLLPLV,CASSPGTSGGYNEQFF,1
ITSGWTFGA,CSARGQGTSGVDYGYTF,1
SVTTEILPV,CASSLWGHQPQHF,1
KWPWYIWLG,CASSRNPGTGTYNEQFF,1
KWPWYIWLG,CASSQDRGTWEQYF,1
IMLCCMTSC,CASSLTSGDADTQYF,1
VFLVLLPLV,CASSSAARTGNEQFF,1
IMLCCMTSC,CSARDLGGIANYGYTF,1
VFLVLLPLV,CASSQVRGRGEQYF,1
VFLVLLPLV,CATSPPEALWEQYF,1
VYAWNRKRI,CASSPAQGDEQYF,1
